State,domain,name,verdict,llm_verdict,llm_reason,homepage_score,activity_status,activity_date,source,sitemap_url,sitemap_status,sitemap_type,latest_lastmod
ND,inforum.com,InForum | The Forum of Fargo-Moorhead,PASS,PASS,Local newspaper covering Fargo-Moorhead area with original news content,115,active,12/31/2025,cse,https://www.inforum.com/sitemap.xml,200,sitemapindex,2025-09-10T00:00:00+00:00
ND,minotdailynews.com,"Minot Daily News: News, Sports, Jobs",PASS,PASS,Minot Daily News - local newspaper covering ND,115,unknown,no_dates,cse,N/A,,,
ND,newscenter1.tv,NewsCenter1,PASS,PASS,Local news station with strong news indicators serving ND region,115,active,12/31/2025,llm_discovery,https://www.newscenter1.tv/sitemap.xml,200,sitemapindex,2025-12-30T21:48:35+00:00
ND,bismarcktribune.com,"The Bismarck Tribune | Breaking News | Read Bismarck, ND and ...",PASS,PASS,Local newspaper covering Bismarck and surrounding ND communities,105,unknown,no_dates,cse,https://bismarcktribune.com/sitemap.xml,200,sitemapindex,2025-12-31T00:00:00+00:00
ND,thedickinsonpress.com,The Dickinson Press,PASS,PASS,"Local newspaper covering Dickinson, ND area",95,active,12/31/2025,cse,https://www.thedickinsonpress.com/sitemap.xml,200,sitemapindex,2017-06-27T00:00:00+00:00
ND,herald-journal.com,"Maris Joy Hove obituary, 8/8/07",PASS,PASS,"Local newspaper with news sections, bylines, and subscription options",95,active,12/31/2025,cse,https://herald-journal.com/sitemap.xml,200,sitemapindex,2026-01-01T10:35:35+00:00
ND,times-online.com,times-online.com | Local News for Valley City and all of Barnes County,PASS,PASS,"Local newspaper for Valley City and Barnes County, ND with original reporting",85,unknown,no_dates,cse,https://times-online.com/sitemap.xml,200,sitemapindex,2025-12-18T00:00:00+00:00
ND,hillsborobanner.com,hillsborobanner.com | North Dakota's oldest weekly newspaper,PASS,PASS,Local newspaper - North Dakota's oldest weekly newspaper with local news coverage,85,unknown,no_dates,cse,https://hillsborobanner.com/sitemap.xml,200,sitemapindex,
ND,keyzradio.com,KEYZ 660 AM,PASS,PASS,"Local news radio station with original content, RSS feed, articles with bylines",85,active,12/22/2025,llm_discovery,https://keyzradio.com/sitemap.xml,200,sitemapindex,2025-12-22T18:21:37+00:00
ND,jamestownsun.com,"The Jamestown Sun | Jamestown, North Dakota",PASS,PASS,"Local newspaper covering Jamestown, ND",80,active,12/31/2025,cse,https://www.jamestownsun.com/sitemap.xml,200,sitemapindex,2017-06-27T00:00:00+00:00
ND,westfargopioneer.com,West Fargo Pioneer,PASS,PASS,"Local newspaper covering West Fargo, ND",80,unknown,no_dates,llm_discovery,N/A,,,
ND,tmtimes.com,Home - TM Times,PASS,PASS,Local news publication covering Turtle Mountain area in ND,75,active,12/30/2025,cse,https://tmtimes.com/sitemap_index.xml,200,sitemapindex,2025-12-30T20:07:01+00:00
ND,prairiepublic.org,Listen - Prairie Public,PASS,PASS,Prairie Public is a local public radio/media outlet covering North Dakota,70,active,12/30/2025,cse,https://www.prairiepublic.org/sitemap.xml,200,urlset,2025-12-30T00:00:00+00:00
ND,wcrecord.com,The Walsh County Record,PASS,PASS,"Local newspaper covering Walsh County, ND",70,active,12/31/2025,cse,https://www.wcrecord.com/sitemap.xml,200,sitemapindex,2025-12-25T22:01:30+00:00
ND,centralnordak.com,The Beacon - Central Nordak Publishing,PASS,PASS,The Beacon appears to be a local news publisher serving central North Dakota with original content,70,active,12/31/2025,cse,https://www.centralnordak.com/wp-sitemap.xml,200,sitemapindex,2025-10-08T17:36:04+00:00
ND,nordakpublishing.com,Cass County Reporter - NorDak Publishing,PASS,PASS,Local newspaper publisher (Cass County Reporter) covering North Dakota,70,active,12/31/2025,cse,https://www.nordakpublishing.com/sitemap.xml,200,sitemapindex,2025-12-30T17:03:24+00:00
ND,journalnd.com,Hayley Becker - The Journal,PASS,PASS,Local newspaper covering North Dakota with original news content,70,active,12/31/2025,cse,https://www.journalnd.com/sitemap.xml,200,sitemapindex,2025-12-31T17:52:30+00:00
ND,bcpioneer.com,Bowman County Pioneer,PASS,PASS,"Local newspaper covering Bowman County, ND",70,active,12/31/2025,cse,https://www.bcpioneer.com/sitemap.xml,200,sitemapindex,2026-01-01T05:00:05+00:00
ND,news.prairiepublic.org,Cass County Sheriff's Office investigating Horace shooting | Prairie ...,PASS,PASS,Prairie Public is a public media organization covering North Dakota with original local news content,65,active,12/31/2025,cse,https://news.prairiepublic.org/sitemap.xml,200,sitemapindex,2025-03-07T00:00:00+00:00
ND,mhanation.com,MHA Nation,PASS,PASS,MHA Nation news covering Fort Berthold Reservation in ND with original local reporting,65,active,12/31/2025,cse,https://www.mhanation.com/sitemap.xml,200,urlset,2025-12-31T00:00:00+00:00
ND,fosterconews.com,Foster County Independent Homepage,PASS,PASS,"Local newspaper covering Foster County, ND",65,active,12/29/2025,cse,https://www.fosterconews.com/sitemap_index.xml,200,sitemapindex,2025-12-29T00:00:00+00:00
ND,dakotastudent.com,"Driver, student die in Larimore bus crash – Dakota Student",PASS,PASS,University of North Dakota student newspaper covering local news,65,unknown,no_dates,cse,https://dakotastudent.com/wp-sitemap.xml,200,sitemapindex,2025-10-22T22:54:46+00:00
ND,chwha.org,Towner County Record Herald – CHWHA,PASS,PASS,"Towner County Record Herald - local newspaper covering Towner County, ND",65,active,12/30/2025,cse,https://chwha.org/sitemap.xml,200,sitemapindex,2025-12-31T03:29:34+00:00
ND,kfyr.com,KFYR-TV,PASS,PASS,Local TV station covering ND with original news content,65,active,12/31/2025,llm_discovery,https://kfyr.iheart.com/sitemap.xml?pname=kfyr.com&sc=dnsredirect,200,sitemapindex,2021-10-20T03:18:00+00:00
ND,kfyrtv.com,KFYR-TV/KMOT/ KUMV/KQCD | Bismarck-Minot-Williston-Dickinson,PASS,PASS,"Local TV news station covering Bismarck, Minot, Williston, Dickinson and ND",60,unknown,no_dates,cse,N/A,,,
ND,theborderlandpress.com,The Borderland Press,PASS,PASS,Local news publisher covering North Dakota communities,60,unknown,no_dates,cse,N/A,,,
ND,kmot.com,KMOT NBC,PASS,PASS,NBC TV station covering North Dakota,60,active,12/31/2025,llm_discovery,N/A,,,
ND,valleynewslive.com,"Valley News Live | News, Weather, and Sports | Fargo, ND",PASS,PASS,Local TV news station covering Fargo area with original reporting,55,unknown,no_dates,cse,N/A,,,
ND,kfgo.com,News | The Mighty 790 KFGO | KFGO,PASS,PASS,KFGO is a local news radio station in Fargo with original news content,55,active,12/31/2025,cse,https://kfgo.com/sitemap.xml,200,sitemapindex,2026-01-01T05:00:18+00:00
ND,inewz.tv,iNewZ.TV: Local News Reports From Minnesota and North Dakota,PASS,PASS,Local news outlet covering Minnesota and North Dakota with original reporting,55,active,12/31/2025,cse,https://inewz.tv/sitemap_index.xml,200,sitemapindex,2025-12-31T23:37:18+00:00
ND,thepiercecountytribune.com,"Contact Us | News, Sports, Jobs - The Pierce County Tribune",PASS,PASS,"Local newspaper covering Pierce County, ND with original news content",55,unknown,no_dates,cse,N/A,,,
ND,willistonherald.com,"North Dakota State Champions: West Fargo ""Rattlers"" - West Fargo ...",PASS,PASS,Local newspaper - Williston Herald covering ND news,55,unknown,no_dates,cse,https://willistonherald.com/sitemap.xml,200,sitemapindex,
ND,wahpetondailynews.com,Wahpeton Daily News,PASS,PASS,"Local newspaper covering Wahpeton, ND with original news content",55,unknown,no_dates,cse,https://wahpetondailynews.com/sitemap.xml,200,sitemapindex,
ND,grandforksherald.com,"Grand Forks Herald | News, weather & sports from Grand Forks and ...",PASS,PASS,Local newspaper covering Grand Forks and surrounding North Dakota area,45,active,12/31/2025,cse,https://www.grandforksherald.com/sitemap.xml,200,sitemapindex,2023-11-08T18:34:13+00:00
ND,devilslakend.com,Grand Forks Herald,PASS,PASS,Grand Forks Herald - local newspaper covering ND,45,active,12/31/2025,cse,https://www.devilslakend.com/sitemap.xml,200,urlset,2026-01-01T01:07:12+00:00
ND,agweek.com,"Kjelland cattle drive near Park River, North Dakota, brings together 3 ...",PASS,PASS,Agricultural news publication covering North Dakota region,45,active,12/31/2025,cse,https://www.agweek.com/sitemap.xml,200,sitemapindex,2018-02-02T16:06:27+00:00
ND,northernsentry.com,Northern Sentry,PASS,PASS,"Local news publication covering Minot, ND area",35,active,12/15/2025,cse,https://northernsentry.com/wp-sitemap.xml,200,sitemapindex,2025-12-27T17:36:08+00:00
ND,knoxradio.com,"KNOX News Radio, Local News, Weather and Sports",PASS,PASS,KNOX News Radio - local news radio station covering ND,30,active,12/31/2025,cse,https://knoxradio.com/sitemap.xml,200,sitemapindex,2026-01-01T05:00:20+00:00
ND,hpr1.com,"High Plains Reader, Fargo ND | Your Alternative Weekly Arts and ...",PASS,PASS,Local alternative weekly newspaper covering Fargo area arts and news,25,unknown,no_dates,cse,N/A,,,
ND,heraldpressnd.com,Herald-Press - Home,PASS,PASS,"Local newspaper serving Harvey, ND area",25,unknown,no_dates,cse,N/A,,,
ND,wdaytv.com,WDAY-TV ABC,PASS,PASS,Local TV station (ABC affiliate) covering ND area,25,unknown,no_dates,llm_discovery,N/A,,,
ND,newrockfordtranscript.com,New Rockford Transcript Homepage,PASS,PASS,"Local newspaper serving New Rockford, ND area",15,active,12/15/2025,cse,https://www.newrockfordtranscript.com/sitemap_index.xml,200,sitemapindex,2025-12-29T00:00:00+00:00
ND,kbmr.com,KBMR News,PASS,PASS,Local news radio station in North Dakota,15,active,12/31/2025,llm_discovery,https://kbmr.iheart.com/sitemap.xml?pname=kbmr.com&sc=dnsredirect,200,sitemapindex,2021-11-02T17:39:00+00:00
ND,watfordcitynd.com,McKenzie County Farmer - Home,PASS,PASS,McKenzie County Farmer appears to be a local newspaper with subscription option,10,unknown,no_dates,cse,N/A,,,
ND,nordaknorth.com,New Town News - NorDak North Publications,PASS,PASS,"Local news publisher serving New Town, ND area with original content",10,unknown,no_dates,cse,N/A,,,
ND,mountrailcountypromoter.com,Mountrail County Promoter - Home,PASS,PASS,"Local newspaper covering Mountrail County, ND",10,unknown,no_dates,cse,N/A,,,
ND,kxnet.com,KX News | Bismarck and Minot News & Weather | KX NEWS,PASS,PASS,"Local TV news station covering Bismarck, Minot and ND news",0,active,12/31/2025,cse,https://www.kxnet.com/sitemap.xml,200,sitemapindex,2026-01-01T04:54:48+00:00
ND,rugbybroadcasters.com,Rugby Broadcasters | KZZJ AM and KKWZ FM| Rugby ND,PASS,PASS,"Local radio stations KZZJ AM and KKWZ FM in Rugby, ND - likely provides local news coverage",0,unknown,no_dates,cse,https://rugbybroadcasters.com/sitemap.xml,200,urlset,2025-12-31T00:00:00+00:00
ND,northdakotamonitor.com,Tardy federal school funding has North Dakota schools working on ...,PASS,PASS,Online news publication covering North Dakota state news,0,active,12/22/2025,cse,N/A,,,
ND,cavalierchronicle.com,Cavalier Chronicle e-Edition,PASS,PASS,"Local newspaper for Cavalier, ND area",0,unknown,no_dates,cse,N/A,,,
ND,myndnow.com,KFYR NBC,PASS,PASS,NBC TV station (KFYR) covering North Dakota,0,unknown,no_dates,llm_discovery,https://www.kxnet.com/sitemap.xml,200,sitemapindex,2026-01-01T02:02:36+00:00
ND,knox.com,KNOX News/Talk,PASS,PASS,News/Talk radio station in North Dakota,0,unknown,no_dates,llm_discovery,N/A,,,
ND,khrt.com,KHRT News/Talk,PASS,PASS,News/Talk radio station in North Dakota,0,unknown,no_dates,llm_discovery,N/A,,,
ND,kqcdtv.com,KQCD-TV NBC,PASS,PASS,Local TV station (NBC affiliate) covering ND,0,unknown,no_dates,llm_discovery,N/A,,,
ND,kxmb.com,KXMB-TV CBS,PASS,PASS,Local TV station (CBS affiliate) covering ND,0,unknown,no_dates,llm_discovery,https://www.kxnet.com/sitemap.xml,200,sitemapindex,2026-01-01T04:54:48+00:00
ND,mckenziecountyfarmernd.com,The McKenzie County Farmer,PASS,PASS,Local newspaper covering McKenzie County in ND,0,unknown,no_dates,llm_discovery,N/A,,,
ND,mykxmc.com,KXMC-TV (CBS),PASS,PASS,Local TV station (CBS affiliate) covering ND,0,unknown,no_dates,llm_discovery,N/A,,,
ND,walshnews.com,Walsh County Record,PASS,PASS,Local newspaper (Walsh County Record) covering ND,0,unknown,no_dates,llm_discovery,N/A,,,
ND,beulahbeacon.com,Beulah Beacon,PASS,PASS,"Local newspaper covering Beulah, ND",0,unknown,no_dates,llm_discovery,N/A,,,
ND,bhgnews.com,BHG News,PASS,PASS,Local news publisher serving ND communities,0,unknown,no_dates,llm_discovery,N/A,,,
ND,mountrailcountynews.com,Mountrail County Record,PASS,PASS,"Local newspaper covering Mountrail County, ND",0,unknown,no_dates,llm_discovery,N/A,,,
ND,casscountynewsnow.com,Cass County News Now,PASS,PASS,"Local news site covering Cass County, ND",0,unknown,no_dates,llm_discovery,N/A,,,
ND,rugbyndnews.com,Pierce County Tribune,PASS,PASS,"Pierce County Tribune - local newspaper in Rugby, ND",0,unknown,no_dates,llm_discovery,N/A,,,
ND,kxmc.com,KXMC-TV,PASS,PASS,KXMC-TV local television news station in ND,0,unknown,no_dates,llm_discovery,https://www.kxnet.com/sitemap.xml,200,sitemapindex,2026-01-01T04:54:48+00:00
ND,kxmd.com,KXMD-TV,PASS,PASS,KXMD-TV local television news station in ND,0,unknown,no_dates,llm_discovery,https://www.kxnet.com/sitemap.xml,200,sitemapindex,2026-01-01T04:54:48+00:00
ND,kxma.com,KXMA-TV,PASS,PASS,KXMA-TV local television news station in ND,0,unknown,no_dates,llm_discovery,https://www.kxnet.com/sitemap.xml,200,sitemapindex,2026-01-01T04:54:48+00:00
ND,co-node.com,Foster County Independent,PASS,PASS,"Foster County Independent - local newspaper for Foster County, ND",0,unknown,no_dates,llm_discovery,N/A,,,
ND,knox1310.com,KNOX 1310 AM,PASS,PASS,KNOX 1310 AM - local radio station likely with news content,0,unknown,no_dates,llm_discovery,N/A,,,
ND,bottineaucourant.com,Bottineau Courant,PASS,PASS,"Bottineau Courant - local newspaper for Bottineau, ND",0,unknown,no_dates,llm_discovery,N/A,,,
ND,oakestimes.com,Oakes Times,PASS,PASS,"Oakes Times - local newspaper for Oakes, ND",0,unknown,no_dates,llm_discovery,N/A,,,
ND,cavaliercountyextra.com,Cavalier County Extra,PASS,PASS,"Cavalier County Extra - local newspaper for Cavalier County, ND",0,unknown,no_dates,llm_discovery,N/A,,,
ND,wdaynews.com,WDAY-TV ABC,PASS,PASS,WDAY-TV ABC - local TV news station for ND,0,unknown,no_dates,llm_discovery,N/A,,,
ND,kqdj.com,KQDJ 1400 AM,PASS,PASS,KQDJ 1400 AM - local radio station likely with news content,0,unknown,no_dates,llm_discovery,N/A,,,
ND,prairie.org,Prairie Public Radio,PASS,PASS,Prairie Public Radio - public radio station serving ND with news content,0,unknown,no_dates,llm_discovery,N/A,,,
ND,bowmancountypioneer.com,Bowman County Pioneer,PASS,PASS,"Local newspaper covering Bowman County, ND",0,unknown,no_dates,llm_discovery,N/A,,,
ND,walshcountyrecord.com,Walsh County Record,PASS,PASS,"Local newspaper covering Walsh County, ND",0,unknown,no_dates,llm_discovery,N/A,,,
ND,mcleancountynews.com,McLean County Independent,PASS,PASS,"Local newspaper (McLean County Independent) covering McLean County, ND",0,unknown,no_dates,llm_discovery,N/A,,,
ND,cavaliercountyrepublican.com,Cavalier County Republican,PASS,PASS,"Local newspaper covering Cavalier County, ND",0,unknown,no_dates,llm_discovery,N/A,,,
ND,devilslakenews.com,Devils Lake News Journal,PASS,PASS,"Local newspaper (Devils Lake News Journal) covering Devils Lake, ND area",0,unknown,no_dates,llm_discovery,https://devilslakenews.com/sitemap.xml,200,urlset,
ND,turtlemountainstar.com,Turtle Mountain Star,PASS,PASS,Local newspaper covering Turtle Mountain area in ND,0,unknown,no_dates,llm_discovery,N/A,,,
ND,adamscountyrecord.com,Adams County Record,PASS,PASS,"Local newspaper covering Adams County, ND",0,unknown,no_dates,llm_discovery,N/A,,,
ND,thejournalnd.com,The Journal,PASS,PASS,Local newspaper The Journal covering North Dakota community news,0,unknown,no_dates,llm_discovery,N/A,,,
ND,renvillecountyfarmernews.com,Renville County Farmer,PASS,PASS,Local newspaper covering Renville County in North Dakota,0,unknown,no_dates,llm_discovery,N/A,,,
ND,mouselandmedia.com,Kenmare News,PASS,PASS,"Publisher of Kenmare News, a local newspaper in North Dakota",0,unknown,no_dates,llm_discovery,N/A,,,
ND,heraldpress.net,Harvey Herald-Press,PASS,PASS,"Harvey Herald-Press - local newspaper for Harvey, ND (RSS and bylines indicate news content)",-10,unknown,no_dates,llm_discovery,N/A,,,
ND,talkingtrail.com,"Kenmare, ND | Talking Trail",PASS,PASS,"Local news publication covering Kenmare, ND",-25,active,12/13/2025,cse,https://www.talkingtrail.com/sitemap.xml,200,sitemapindex,2025-12-13T00:00:00+00:00
ND,kenmarend.com,Kenmare News - Kenmare ND,PASS,PASS,"Local newspaper covering Kenmare, ND",-40,unknown,no_dates,cse,N/A,,,
ND,oakesnd.com,"Oakes Times | Oakes, North Dakota",PASS,PASS,"Local newspaper serving Oakes, North Dakota",-50,unknown,no_dates,cse,https://oakesnd.com/sitemap.xml,200,urlset,
ND,kvrr.com,"KVRR - Fargo, ND, Moorhead, MN, News, Weather & Sports",REVIEW,PASS,Local TV station KVRR covering Fargo-Moorhead with original news content,105,inactive,6/15/2018,cse,https://www.kvrr.com/sitemap_index.xml,200,sitemapindex,2017-09-22T02:40:16+00:00
ND,willistongraphic.com,"Williston Graphic | Your Source for Local Williston News, Events ...",REVIEW,PASS,"Local newspaper covering Williston, ND with original news content",85,inactive,1/15/2003,cse,N/A,,,
ND,devilslakejournal.com,No. 5 Devils Lake avenges last year's homecoming with win over ...,REVIEW,PASS,"Local newspaper covering Devils Lake, ND with original news content",85,inactive,5/15/2025,cse,https://www.devilslakejournal.com/wp-sitemap.xml,200,sitemapindex,2025-12-31T21:25:46+00:00
ND,newsdakota.com,Jamestown | News Dakota,REVIEW,PASS,"Local news publisher covering Jamestown, ND area",75,inactive,1/15/2016,cse,https://www.newsdakota.com/sitemap.xml,200,sitemapindex,2016-01-04T16:04:35+00:00
ND,keyaradio.com,K.E.Y.A. Public Radio – The Voice of the Turtle Mountains,REVIEW,PASS,Public radio station serving Turtle Mountains area in ND,55,inactive,11/15/2020,cse,N/A,,,
ND,wday.com,WDAY ABC,REVIEW,PASS,ABC TV station covering North Dakota,55,inactive,10/29/2025,llm_discovery,https://wday.com/sitemap.xml,200,sitemapindex,2017-08-18T14:47:02+00:00
ND,wdaz.com,WDAZ-TV ABC,REVIEW,PASS,"WDAZ-TV ABC - local TV news station with original content (RSS, bylines, recent dates)",55,inactive,10/15/2025,llm_discovery,https://wdaz.com/sitemap.xml,200,sitemapindex,2017-08-18T14:47:02+00:00
ND,local.times-online.com,Dakota Growers Pasta Company - Valley City Times-Record,REVIEW,PASS,Valley City Times-Record appears to be local newspaper covering Dakota area,20,inactive,12/7/2022,cse,N/A,,,
ND,foxweather.com,"Tioga, ND Weather Forecast | Local Weather Updates for North ...",DROP,FAIL,"Weather site, not local news publisher",125,unknown,no_dates,cse,https://www.foxweather.com/sitemap.xml,200,sitemapindex,2026-01-01T05:00:17+00:00
ND,kistlivestockauction.com,"Kist Livestock Auction Sales & Information - Mandan, ND",DROP,FAIL,"Livestock auction business, not a news publisher",115,active,12/22/2025,cse,https://kistlivestockauction.com/sitemap_index.xml,200,sitemapindex,2025-12-22T17:34:53+00:00
ND,bowmannd.com,The Edge – Bowman County Activity Complex - Bowman North Dakota,DROP,FAIL,Municipal/government activity complex site,115,active,12/29/2025,cse,https://bowmannd.com/sitemap.xml,200,sitemapindex,2025-12-31T20:53:39+00:00
ND,translink.ca,New RapidBus slashes travel times in Surrey and Delta | TransLink,DROP,FAIL,"Canadian transit authority website, not a news publisher",100,unknown,no_dates,cse,https://www.translink.ca/sitemap.xml,200,urlset,
ND,journalrecord.com,"Historical McGillic home found on Mandan, N.D., tour | The Journal ...",DROP,FAIL,"The Journal Record is an Oklahoma business publication, not ND local news",95,active,12/31/2025,cse,https://journalrecord.com/sitemap.xml,200,sitemapindex,2025-01-20T11:52:39+00:00
ND,mandanrodeo.com,Mandan Rodeo Days | PRCA Pro Rodeo | July 2-4,DROP,FAIL,"Rodeo event website, not a news publisher",95,active,11/5/2025,cse,https://mandanrodeo.com/sitemap.xml,200,sitemapindex,2025-11-05T19:25:17+00:00
ND,trftimes.com,"Teresa Marie Johnson, 39 | Thief River Falls Times & Northern ...",DROP,FAIL,Out-of-state publication (Thief River Falls is in Minnesota),95,active,12/31/2025,cse,https://trftimes.com/sitemap.xml,200,urlset,2025-12-31T16:17:46+00:00
ND,wctrib.com,"4 dead in New Town, N.D., shooting - West Central Tribune | News ...",DROP,FAIL,"West Central Tribune is based in Willmar, Minnesota - out-of-state publication",95,active,12/31/2025,cse,https://www.wctrib.com/sitemap.xml,200,sitemapindex,2025-10-29T00:00:00+00:00
ND,pinejournal.com,"Michael Joseph Jarski - Cloquet Pine Journal | News, weather ...",DROP,FAIL,"Pine Journal covers Cloquet, Minnesota - out-of-state publication",95,active,12/31/2025,cse,https://www.pinejournal.com/sitemap.xml,200,sitemapindex,2017-06-28T14:35:52+00:00
ND,greatplainstransport.com,Truck Driving Company | Great Plains Transport | Mapleton ND,DROP,FAIL,Transport/trucking company business,95,inactive,3/31/2025,cse,https://greatplainstransport.com/sitemap_index.xml,200,sitemapindex,2025-03-31T13:28:40+00:00
ND,delanoheraldjournal.com,Bernice M. Fenske Obituary – 4/14/09,DROP,FAIL,Out-of-state publication - Delano is in Minnesota,95,active,12/31/2025,cse,https://delanoheraldjournal.com/sitemap.xml,200,sitemapindex,2026-01-01T10:35:35+00:00
ND,jamestownparksandrec.com,Hillcrest Golf - Jamestown Parks and Recreation,DROP,FAIL,Municipal parks and recreation department website,85,active,12/30/2025,cse,https://jamestownparksandrec.com/sitemap.xml,200,sitemapindex,2025-12-30T18:36:49+00:00
ND,barnescounty.us,"Official Website of Barnes County, North Dakota -",DROP,FAIL,County government website,85,active,12/30/2025,cse,https://barnescounty.us/sitemap_index.xml,200,sitemapindex,2025-12-31T22:40:41+00:00
ND,ghostsofnorthdakota892857007.wordpress.com,"Lincoln Valley, ND | Ghosts of North Dakota",DROP,FAIL,Blog/personal site about abandoned places,85,active,11/10/2025,cse,https://ghostsofnorthdakota892857007.wordpress.com/sitemap.xml,200,urlset,2025-11-10T16:37:12+00:00
ND,visitgraftonnd.com,Grafton: Home,DROP,FAIL,Tourism/visitor bureau website,85,inactive,7/21/2025,cse,https://visitgraftonnd.com/sitemap.xml,200,sitemapindex,2025-12-17T02:04:41+00:00
ND,heritagefargo.com,Pine Cove at Cub Creek — Horace ND Homes,DROP,FAIL,"Real estate/housing development website, not a news publisher",85,active,12/31/2025,cse,https://heritagefargo.com/sitemap_index.xml,200,sitemapindex,2025-12-31T17:34:13+00:00
ND,grainjournal.com,"North Dakota Soybean Processors Opens in Casselton, ND",DROP,FAIL,"Trade/industry publication, not local community news",85,unknown,no_dates,cse,N/A,,,
ND,processingjournal.com,Soybean Crushing - Processing Journal,DROP,FAIL,"Trade publication focused on soybean processing industry, not local news",85,unknown,no_dates,cse,N/A,,,
ND,grandforks319fss.com,Aquatic Center | Grand Forks AFB FSS,DROP,FAIL,Military base services website (FSS = Force Support Squadron) - not a news publisher,85,inactive,9/26/2024,cse,https://grandforks319fss.com/sitemap.xml,200,urlset,2024-08-14T00:00:00+00:00
ND,cavaliernd.com,Moonlight Madness - Cavalier Chamber of Commerce,DROP,FAIL,Chamber of Commerce website,85,inactive,4/15/2022,cse,https://cavaliernd.com/sitemap.xml,200,sitemapindex,2025-12-17T02:09:38+00:00
ND,northlandsheds.com,"Storage Sheds For Sale In Grafton, ND",DROP,FAIL,Storage shed business,80,inactive,5/15/2025,cse,https://northlandsheds.com/sitemap_index.xml,200,sitemapindex,2025-12-12T21:09:43+00:00
ND,duluthnewstribune.com,Shooting leaves 4 dead on North Dakota reservation - Duluth News ...,DROP,FAIL,"Duluth News Tribune is based in Duluth, Minnesota - out-of-state publication",80,active,12/31/2025,cse,https://www.duluthnewstribune.com/sitemap.xml,200,sitemapindex,2022-06-26T17:09:59+00:00
ND,starionsportscomplex.com,Public Skating – Mandan Parks & Recreation,DROP,FAIL,Municipal sports complex/recreation facility website,75,unknown,no_dates,cse,N/A,,,
ND,harveynd.com,JDA Board Minutes - Harvey ND,DROP,FAIL,"Municipal/city government website for Harvey, ND",75,active,12/16/2025,cse,https://harveynd.com/sitemap_index.xml,200,sitemapindex,2025-12-16T16:13:51+00:00
ND,grandforks.org,"InternGF | Grand Forks EDC | Grand Forks, ND",DROP,FAIL,"Economic Development Corporation website, not a news publisher",70,active,12/19/2025,cse,https://grandforks.org/sitemap_index.xml,200,sitemapindex,2025-12-19T21:20:50+00:00
ND,willistonparks.com,Williston Municipal Golf Course - Williston Parks & Recreation District,DROP,FAIL,Municipal parks and recreation website,70,active,12/31/2025,cse,https://www.willistonparks.com/sitemap.xml,200,urlset,2026-01-01T00:00:00+00:00
ND,tmchippewa.com,Official Online Home of the Turtle Mountain Band of Chippewa Indians,DROP,FAIL,Tribal government website,70,active,12/30/2025,cse,https://tmchippewa.com/sitemap.xml,200,sitemapindex,2025-12-31T20:43:10+00:00
ND,collisionsolutionsnd.com,"Collision Solutions - Auto Body Shop Burlington, NDCollision ...",DROP,FAIL,Auto body shop business,70,inactive,10/8/2025,cse,https://collisionsolutionsnd.com/sitemap.xml,200,sitemapindex,2025-10-08T05:02:41+00:00
ND,bismarcksportshow.com,Bismarck Tribune Sport Show: Home,DROP,FAIL,"Event website for a sport show, not a news publisher",65,active,12/18/2025,cse,https://bismarcksportshow.com/sitemap_index.xml,200,sitemapindex,2025-12-18T14:34:16+00:00
ND,kingswalk.org,"King's Walk Golf Course | Grand Forks, ND",DROP,FAIL,Golf course website,65,active,11/14/2025,cse,https://www.kingswalk.org/sitemap_index.xml,200,sitemapindex,2025-11-03T16:05:39+00:00
ND,imagiconnd.com,Harry Potter Daily Prophet Newspaper Face Mask - Minot ND USA,DROP,FAIL,Business/retail website selling merchandise,65,active,11/21/2025,cse,https://imagiconnd.com/sitemap.xml,200,sitemapindex,2025-11-21T22:35:29+00:00
ND,prairieheights.com,"Prairie Heights Church » Welcome Home » West Fargo, ND",DROP,FAIL,Church website - Prairie Heights Church,65,active,12/31/2025,cse,https://prairieheights.com/sitemap.xml,200,sitemapindex,2025-12-31T21:16:08+00:00
ND,dickinsonparks.org,West River Ice Center – Dickinson Parks & Recreation,DROP,FAIL,Municipal parks and recreation department website,65,inactive,3/15/2020,cse,https://dickinsonparks.org/wp-sitemap.xml,200,sitemapindex,2025-12-31T22:54:31+00:00
ND,vcparks.com,Bjornson Park Golf Course | Valley City Parks and Recreation,DROP,FAIL,Parks and recreation department website,65,active,12/31/2025,cse,https://www.vcparks.com/sitemap.xml,200,sitemapindex,2025-12-31T00:00:00+00:00
ND,sober.com,"We Are Not Saints Group | AA Meeting in Watford City, ND",DROP,FAIL,AA meeting directory site,65,active,12/29/2025,cse,https://sober.com/sitemap_index.xml,200,sitemapindex,2025-12-29T15:24:59+00:00
ND,livability.com,"Minot AFB, ND - Livability.com",DROP,FAIL,National city guide/aggregator site,65,active,12/31/2025,cse,https://livability.com/sitemap_index.xml,200,sitemapindex,2025-12-31T16:01:18+00:00
ND,greatplainsfoodbank.org,Partner food pantries – GREAT PLAINS FOOD BANK,DROP,FAIL,Food bank organization website,65,inactive,8/15/2021,cse,https://greatplainsfoodbank.org/wp-sitemap.xml,200,sitemapindex,2025-12-31T20:08:22+00:00
ND,beulahparks.com,Energy Wellness Center | Beulah Parks & Rec,DROP,FAIL,Parks and recreation/wellness center,65,active,12/31/2025,cse,https://beulahparks.com/sitemap.xml,200,urlset,2025-12-31T19:53:33+00:00
ND,startribune.com,"Casselton, N.D. residents flee town after oil train explosion",DROP,FAIL,Out-of-state publication (Minneapolis Star Tribune),65,unknown,no_dates,cse,N/A,,,
ND,cassvetservice.com,Boarding & Grooming – Casselton Veterinary Service,DROP,FAIL,Veterinary service business website,65,active,12/31/2025,cse,https://cassvetservice.com/sitemap.xml,200,sitemapindex,2025-12-30T14:29:53+00:00
ND,stcharlesoakes.org,"Mass Times - St. Charles Borromeo - Oakes, ND",DROP,FAIL,Church website,65,unknown,no_dates,cse,https://stcharlesoakes.org/sitemap.xml,200,urlset,
ND,buzzer.translink.ca,New RapidBus slashes travel times in Surrey and Delta - The ...,DROP,FAIL,"Canadian transit blog, not ND news",65,inactive,6/19/2024,cse,https://buzzer.translink.ca/sitemap.xml,200,sitemapindex,2018-01-06T00:23:00+00:00
ND,wlj.net,"Brooks Chalky Butte Ranch Production Sale Report: Bowman, ND ...",DROP,FAIL,"Appears to be livestock/agricultural publication, not local news",65,active,12/31/2025,cse,https://www.wlj.net/sitemap_index.xml,200,sitemapindex,2025-01-03T15:01:14+00:00
ND,cityofparkriver.com,City Officials & Staff - City of Park River,DROP,FAIL,Municipal government website,65,active,12/9/2025,cse,https://cityofparkriver.com/sitemap_index.xml,200,sitemapindex,2025-12-09T20:39:50+00:00
ND,lbmjournal.com,SHOWROOM STRATEGIES: Minot Lumber & Hardware,DROP,FAIL,"Trade publication about lumber/hardware industry, not local news",65,active,12/31/2025,cse,https://lbmjournal.com/sitemap_index.xml,200,sitemapindex,2025-12-29T14:15:58+00:00
ND,niklandco.com,Real Estate - Nikolaisen Land Co,DROP,FAIL,Real estate company website,65,active,12/30/2025,cse,https://niklandco.com/sitemap_index.xml,200,sitemapindex,2025-12-30T14:46:06+00:00
ND,providencejournal.com,Albert Richard Greene Jr. Obituary - The Providence Journal,DROP,FAIL,Out-of-state publication (Rhode Island),60,active,12/31/2025,cse,N/A,,,
ND,heraldtribune.com,Mark Lawrence Goslin Obituary - Herald Tribune,DROP,FAIL,"Out-of-state publication (Florida-based), not ND local news",60,active,12/31/2025,cse,N/A,,,
ND,greenbaypressgazette.com,John Pinkert Obituary - Green Bay Press-Gazette,DROP,FAIL,Out-of-state publication (Wisconsin newspaper),60,active,12/31/2025,cse,N/A,,,
ND,statesmanjournal.com,Marlo Richard Hoppman Obituary - The Statesman Journal,DROP,FAIL,"Out-of-state publication (Salem, Oregon newspaper)",60,active,12/31/2025,cse,N/A,,,
ND,weatherbug.com,"Mapleton, ND | Weather Forecasts Now, Live Radar Maps & News ...",DROP,FAIL,Weather service website,60,active,12/31/2025,cse,N/A,,,
ND,heraldtimesonline.com,Couple\'s bodies found weeks apart; deaths mysterious,DROP,FAIL,Out-of-state publication (Indiana),60,active,12/31/2025,cse,N/A,,,
ND,poynter.org,Business is hardly usual in Crosby,DROP,FAIL,"National journalism institute/organization, not local news publisher",60,inactive,6/15/2020,cse,https://www.poynter.org/wp-sitemap.xml,200,sitemapindex,2025-12-15T15:53:34+00:00
ND,obits.gazette.com,"LeRoy Fettig Obituary (2014) - Dickinson, ND - The Gazette",DROP,FAIL,Obituary-only section of The Gazette (out-of-state publication),55,unknown,no_dates,cse,https://obits.gazette.com/sitemap.xml,200,sitemapindex,2079-06-05T00:00:00+00:00
ND,tracjamestown.com,"Jamestown, ND | Aquatics - Two Rivers Activity Center",DROP,FAIL,"Recreation/activity center, not a news publisher",55,unknown,no_dates,cse,https://tracjamestown.com/wp-sitemap.xml,200,sitemapindex,2025-12-30T20:35:14+00:00
ND,casseltonparks.com,Cottonwood Golf Club - Casselton Parks,DROP,FAIL,Golf club/parks business website,55,inactive,7/17/2025,cse,https://casseltonparks.com/sitemap_index.xml,200,sitemapindex,2025-07-17T12:44:53+00:00
ND,northcountrytrail.org,"Trail Town: Lisbon, North Dakota - North Country Trail Association",DROP,FAIL,Trail association/organization website,55,active,12/30/2025,cse,https://northcountrytrail.org/sitemap_index.xml,200,sitemapindex,2025-12-30T20:27:35+00:00
ND,blackgoldsuitesnd.com,"Stanley, North Dakota Hotel | Extended Stay ... - Black Gold Suites",DROP,FAIL,"Hotel website - Black Gold Suites is a hotel in Stanley, ND",55,inactive,5/16/2025,cse,https://blackgoldsuitesnd.com/sitemap_index.xml,200,sitemapindex,2025-05-16T19:47:57+00:00
ND,dickinsonairport.com,Departures / Arrivals - Dickinson Theodore Roosevelt Regional Airport,DROP,FAIL,"Airport website, not a news publisher",50,active,11/25/2025,cse,https://dickinsonairport.com/sitemap_index.xml,200,sitemapindex,2025-11-25T20:32:54+00:00
ND,careers-iridium.icims.com,Senior Systems Administrator (RELOCATION BONUS PROVIDED ...,DROP,FAIL,Job board/careers website,50,active,12/29/2025,cse,https://careers-iridium.icims.com/sitemap.xml,200,urlset,2025-12-29T14:07:48+00:00
ND,ndlegis.gov,Richard Marcellais | North Dakota Legislative Branch,DROP,FAIL,Government/municipal site - North Dakota Legislative Branch,50,unknown,no_dates,cse,N/A,,,
ND,veterans.nd.gov,Edward Dale Johnson | ND Department of Veterans Affairs,DROP,FAIL,State government department website,50,active,12/11/2025,cse,https://www.veterans.nd.gov/sitemap.xml,200,urlset,2025-12-11T21:50:00+00:00
ND,earthcam.com,EarthCam: City of Cavalier Cam,DROP,FAIL,"Webcam service, not news publisher",50,unknown,no_dates,cse,https://earthcam.com/sitemap.xml,200,urlset,
ND,thetruckersreport.com,"Great Plains Transport, Mapleton ND | TruckersReport.com Trucking ...",DROP,FAIL,"Trucking industry forum/website, not local news",50,active,12/30/2025,cse,https://www.thetruckersreport.com/sitemap_index.xml,200,sitemapindex,2025-12-30T10:22:28+00:00
ND,lottery.nd.gov,Powerball - North Dakota Lottery | Games,DROP,FAIL,"Government lottery website, not news publisher",50,unknown,no_dates,cse,N/A,,,
ND,hettingernd.com,"Dakota Buttes Museum - Hettinger, North Dakota",DROP,FAIL,Museum website,50,active,12/29/2025,cse,https://hettingernd.com/sitemap_index.xml,200,sitemapindex,2026-01-01T00:59:37+00:00
ND,insurance.nd.gov,BULLETIN 2024-1 This bulletin applies to all companies that are ...,DROP,FAIL,Government/state agency website,50,active,12/29/2025,cse,https://www.insurance.nd.gov/sitemap.xml,200,urlset,2025-12-29T21:37:00+00:00
ND,minotparks.com,Maysa Arena - Minot Parks and Recreation,DROP,FAIL,Parks and recreation department website - Maysa Arena,45,active,12/30/2025,cse,https://minotparks.com/sitemap_index.xml,200,sitemapindex,2025-12-30T14:36:28+00:00
ND,4bearscasino.com,4 Bears Casino & Lodge: Casino in North Dakota,DROP,FAIL,Casino business website,45,active,12/23/2025,cse,https://4bearscasino.com/sitemap_index.xml,200,sitemapindex,2025-12-23T20:14:33+00:00
ND,dasselcokato.com,"Rachel Denise Hove, 10/19/2001",DROP,FAIL,"Out-of-state publication - Dassel-Cokato is in Minnesota, not North Dakota",45,active,12/31/2025,cse,https://dasselcokato.com/sitemap.xml,200,sitemapindex,2026-01-01T10:35:35+00:00
ND,am1100theflag.com,Mexican man with felony record arrested on immigration charges in ...,DROP,FAIL,Music radio station (not news radio),45,inactive,4/6/2023,cse,https://www.am1100theflag.com/sitemap.xml,200,sitemapindex,2024-05-22T19:58:55+00:00
ND,wdayradionow.com,Mayville man accused of sex with juvenile 'multiple times' over ...,DROP,FAIL,Music radio station (not news radio),45,inactive,4/4/2023,cse,https://www.wdayradionow.com/sitemap.xml,200,sitemapindex,2023-06-19T12:29:53+00:00
ND,kbmwam.com,KBMW 1450 AM,DROP,FAIL,Music radio station despite some news content,45,unknown,no_dates,llm_discovery,N/A,,,
ND,fulkersons.com,Miranda Paige Volz,DROP,FAIL,"Personal website, not a news publisher",40,unknown,no_dates,cse,N/A,,,
ND,stwenceslausnd.com,"St Wenceslaus Roman Catholic Church, Dickinson, ND",DROP,FAIL,Church website,40,unknown,no_dates,cse,N/A,,,
ND,ujdining.sodexomyway.com,Hours of Operation | University of Jamestown,DROP,FAIL,University dining services website,40,unknown,no_dates,cse,N/A,,,
ND,jiffylube.com,"Quick Oil Change at 202 8Th Avenue Se in Watford City, ND | Jiffy ...",DROP,FAIL,Business website (oil change service),40,inactive,6/10/2025,cse,https://www.jiffylube.com/sitemap.xml,200,urlset,2025-06-10T00:00:00+00:00
ND,roperandsons.com,David H. Bundy - Roper and Sons,DROP,FAIL,"Funeral home/obituary site, not a news publisher",40,active,12/31/2025,cse,https://www.roperandsons.com/sitemap_index.xml,200,sitemapindex,2025-12-31T22:40:14+00:00
ND,homeinstead.com,"In-home Care Services Beulah, ND | Home Instead",DROP,FAIL,Home care services business,40,inactive,9/3/2025,cse,https://www.homeinstead.com/sitemap.xml,200,urlset,
ND,leonardcc.com,"Leonard Country Club | A 9-Hole Public Golf Course near Fargo, ND",DROP,FAIL,Golf course/business website,40,inactive,7/25/2021,cse,https://leonardcc.com/sitemap.xml,200,urlset,
ND,bottineauco.com,Auditor | Bottineau County,DROP,FAIL,Government/municipal site - Bottineau County Auditor,40,active,12/30/2025,cse,https://www.bottineauco.com/sitemap.xml,200,sitemapindex,2025-12-30T00:00:00+00:00
ND,nd.gov,"Audit Finds Major Payroll Issues at Mayville State University, Several ...",DROP,FAIL,Government/municipal site,40,active,12/26/2025,cse,https://www.nd.gov/sitemap.xml,200,urlset,2025-12-26T19:56:00+00:00
ND,belcourt.org,The Belcourt Theatre: Home,DROP,FAIL,Theater/entertainment venue,40,active,12/31/2025,cse,https://belcourt.org/sitemap_index.xml,200,sitemapindex,2025-12-31T17:41:43+00:00
ND,bdywc.org,BDYWC: Home,DROP,FAIL,"Organization website, not a news publisher",40,inactive,8/23/2024,cse,https://bdywc.org/sitemap.xml,200,sitemapindex,2024-08-23T18:04:21+00:00
ND,austindailyherald.com,"Riege: Pheasant Hunting Dream in Harvey, N.D.",DROP,FAIL,Out-of-state publication - Austin Daily Herald is from Minnesota,40,active,12/31/2025,cse,https://www.austindailyherald.com/sitemap.xml,200,sitemapindex,
ND,news.nd.edu,Hurricane Harvey's hardest hit survivors five times as likely to ...,DROP,FAIL,"University news site (Notre Dame), not local ND news",40,active,12/19/2025,cse,https://news.nd.edu/sitemap.xml,200,urlset,2025-12-19T00:00:00+00:00
ND,tiogand.org,Home | Tioga Economic Devel,DROP,FAIL,"Economic development organization, not news publisher",40,active,12/9/2025,cse,https://www.tiogand.org/sitemap.xml,200,sitemapindex,2025-12-09T00:00:00+00:00
ND,mcleancountynd.gov,"McLean County, North Dakota - Home",DROP,FAIL,County government website,40,unknown,no_dates,cse,N/A,,,
ND,hollandent.com,Holland Enterprise: Homepage,DROP,FAIL,Business/entertainment venue website,40,active,11/20/2025,cse,https://www.hollandent.com/sitemap_index.xml,200,sitemapindex,2025-11-20T16:48:59+00:00
ND,heartview.org,"Heartview Foundation: Addiction treatment in Bismarck, Cando, and ...",DROP,FAIL,"Addiction treatment center, not a news publisher",40,active,12/30/2025,cse,https://heartview.org/sitemap.xml,200,urlset,2025-12-30T00:00:00+00:00
ND,burlington.com,Store Locator | Burlington,DROP,FAIL,Retail store website - Burlington clothing chain,40,active,12/29/2025,cse,https://www.burlington.com/sitemap.xml,200,urlset,2026-01-01T05:00:57+00:00
ND,delmarvanow.com,Phyllis Nelson Allen Obituary - The Daily Times,DROP,FAIL,Out-of-state publication (Delmarva region - Delaware/Maryland/Virginia),40,active,12/31/2025,cse,N/A,,,
ND,stsaaj.org,Sts. Anne & Joachim Catholic Church: Home,DROP,FAIL,"Church website, not a news publisher",35,active,12/30/2025,cse,https://stsaaj.org/sitemap.xml,200,sitemapindex,2025-12-30T15:50:03+00:00
ND,dot.nd.gov,Motor Vehicle Locations | NDDOT,DROP,FAIL,"Government agency website (Department of Transportation), not a news publisher",35,active,12/30/2025,cse,https://www.dot.nd.gov/sitemap.xml,200,urlset,2025-12-31T21:43:00+00:00
ND,wildwood-nd.com,"The Wildwood Country Club - Minot, ND",DROP,FAIL,Country club/golf course website,35,unknown,no_dates,cse,N/A,,,
ND,eversonfh.com,Obituary Listings | Everson-Coughlin Funeral Home and Cre...,DROP,FAIL,Funeral home/obituary-only site,35,unknown,no_dates,cse,https://www.eversonfh.com/sitemap.xml,200,sitemapindex,2026-01-01T00:00:00+00:00
ND,5thforcesupport.com,Golf Course | Minot AFB,DROP,FAIL,Golf course/restaurant at Minot AFB,35,inactive,1/15/2024,cse,https://5thforcesupport.com/wp-sitemap.xml,200,sitemapindex,2025-12-30T21:39:04+00:00
ND,airforcetimes.com,Minot AFB to receive $850 million for nuclear weapons upgrades,DROP,FAIL,"National military news outlet, not local ND news publisher",35,unknown,no_dates,cse,https://www.airforcetimes.com/sitemap-index.xml,200,sitemapindex,
ND,tax.nd.gov,"WHEREAS, the City of Lincoln seeks to annex real property situated ...",DROP,FAIL,"Government site (ND Tax Department), not a news publisher",35,active,12/31/2025,cse,https://www.tax.nd.gov/sitemap.xml,200,urlset,2025-12-31T14:59:00+00:00
ND,ndguard.nd.gov,Camp Grafton Training Center | North Dakota National Guard,DROP,FAIL,Government/military website,35,active,12/22/2025,cse,https://www.ndguard.nd.gov/sitemap.xml,200,urlset,2025-12-22T19:36:00+00:00
ND,censusreporter.org,"Horace, ND - Profile data - Census Reporter",DROP,FAIL,"Census data website, not a news publisher",35,unknown,no_dates,cse,N/A,,,
ND,ptacekfinancial.com,"Oakes, ND CPA / Ptacek Financial Services",DROP,FAIL,Financial services business,35,unknown,no_dates,cse,https://www.ptacekfinancial.com/sitemap.xml,200,urlset,
ND,racingcommission.nd.gov,"Race Tracks | Racing Commission, North Dakota",DROP,FAIL,Government/municipal site,35,active,12/29/2025,cse,https://www.racingcommission.nd.gov/sitemap.xml,200,urlset,2025-12-29T21:29:00+00:00
ND,thompsonlarson.com,Obituary Listings | Thompson-Larson Funeral Home,DROP,FAIL,Funeral home obituary listings only,35,unknown,no_dates,cse,https://www.thompsonlarson.com/sitemap.xml,200,sitemapindex,2026-01-01T00:00:00+00:00
